{"cameraMode":{"drawMode":0,"name":"Shaded","section":"Shading Mode"},"sceneLighting":true,"audioPlay":false,"sceneViewState":{"m_AlwaysRefresh":false,"showFog":true,"showSkybox":true,"showFlares":true,"showImageEffects":true,"showParticleSystems":true,"showVisualEffectGraphs":true,"m_FxEnabled":true},"in2DMode":false,"pivot":{"x":-1.254204511642456,"y":-1.5159063339233399,"z":11.265316009521485},"rotation":{"x":-0.21752922236919404,"y":0.015223410911858082,"z":-0.0033919799607247116,"w":-0.9759295582771301},"size":12.12435531616211,"orthographic":false}